{"RuleTriggered": 2, "Violations": 2, "Details": {"algo-1": {"cpu": {"p25": 38.5825, "p50": 41.2975, "p75": 62.56625, "p95": 83.164, "upper": 98.54187499999999, "lower": 6.0600000000000005}, "gpu0": {"p25": 0.0, "p50": 9.0, "p75": 40.0, "p95": 44.0, "upper": 91.0, "lower": 0.0}, "gpu0_memory": {"p25": 0.0, "p50": 6.0, "p75": 37.0, "p95": 40.0, "upper": 69.0, "lower": 0.0}}, "last_timestamp": 1673963520000000}, "Datapoints": 1467, "RuleParameters": "cpu_threshold_p95:70\ngpu_threshold_p95:70\ngpu_memory_threshold_p95:70\npatience:1000\nwindow:500"}