{"RuleTriggered": 0, "Violations": 166, "Details": {"low_gpu_utilization": 736, "bottlenecks": {"1673963566.500576": {"GPUs": 1, "CPUs": 1}, "1673963567.001085": {"GPUs": 1, "CPUs": 1}, "1673963567.500577": {"GPUs": 1, "CPUs": 1}, "1673963568.002069": {"GPUs": 1, "CPUs": 1}, "1673963569.002174": {"GPUs": 1, "CPUs": 3}, "1673963569.500583": {"GPUs": 1, "CPUs": 4}, "1673963570.000529": {"GPUs": 1, "CPUs": 1}, "1673963570.500556": {"GPUs": 1, "CPUs": 3}, "1673963571.000954": {"GPUs": 1, "CPUs": 2}, "1673963571.500562": {"GPUs": 1, "CPUs": 2}, "1673963572.001109": {"GPUs": 1, "CPUs": 4}, "1673963572.500993": {"GPUs": 1, "CPUs": 4}, "1673963573.000568": {"GPUs": 1, "CPUs": 4}, "1673963573.500566": {"GPUs": 1, "CPUs": 4}, "1673963574.000559": {"GPUs": 1, "CPUs": 4}, "1673963574.502778": {"GPUs": 1, "CPUs": 4}, "1673963575.000553": {"GPUs": 1, "CPUs": 2}, "1673963575.500596": {"GPUs": 1, "CPUs": 1}, "1673963578.000609": {"GPUs": 1, "CPUs": 2}, "1673963578.500994": {"GPUs": 1, "CPUs": 1}, "1673963580.000548": {"GPUs": 1, "CPUs": 1}, "1673963581.000591": {"GPUs": 1, "CPUs": 2}, "1673963581.500571": {"GPUs": 1, "CPUs": 4}, "1673963582.001041": {"GPUs": 1, "CPUs": 4}, "1673963582.505131": {"GPUs": 1, "CPUs": 4}, "1673963583.005162": {"GPUs": 1, "CPUs": 2}, "1673963583.500577": {"GPUs": 1, "CPUs": 2}, "1673963584.000558": {"GPUs": 1, "CPUs": 2}, "1673963584.500539": {"GPUs": 1, "CPUs": 2}, "1673963585.000583": {"GPUs": 1, "CPUs": 1}, "1673963595.501222": {"GPUs": 1, "CPUs": 1}, "1673963596.500555": {"GPUs": 1, "CPUs": 1}, "1673963599.000584": {"GPUs": 1, "CPUs": 1}, "1673963599.50057": {"GPUs": 1, "CPUs": 1}, "1673963669.500572": {"GPUs": 1, "CPUs": 1}, "1673963670.500555": {"GPUs": 1, "CPUs": 1}, "1673963677.500534": {"GPUs": 1, "CPUs": 1}, "1673963678.500551": {"GPUs": 1, "CPUs": 1}, "1673963679.000536": {"GPUs": 1, "CPUs": 1}, "1673963696.500565": {"GPUs": 1, "CPUs": 1}, "1673963697.000857": {"GPUs": 1, "CPUs": 1}, "1673963698.000562": {"GPUs": 1, "CPUs": 1}, "1673963700.000545": {"GPUs": 1, "CPUs": 1}, "1673963700.501308": {"GPUs": 1, "CPUs": 1}, "1673963702.000553": {"GPUs": 1, "CPUs": 2}, "1673963702.500542": {"GPUs": 1, "CPUs": 2}, "1673963703.500548": {"GPUs": 1, "CPUs": 2}, "1673963704.000551": {"GPUs": 1, "CPUs": 2}, "1673963715.500563": {"GPUs": 1, "CPUs": 1}, "1673963717.000511": {"GPUs": 1, "CPUs": 1}, "1673963717.501313": {"GPUs": 1, "CPUs": 1}, "1673963718.500545": {"GPUs": 1, "CPUs": 1}, "1673963721.001261": {"GPUs": 1, "CPUs": 1}, "1673963723.500545": {"GPUs": 1, "CPUs": 1}, "1673963728.500559": {"GPUs": 1, "CPUs": 1}, "1673963729.000571": {"GPUs": 1, "CPUs": 2}, "1673963729.500551": {"GPUs": 1, "CPUs": 1}, "1673963730.500555": {"GPUs": 1, "CPUs": 1}, "1673963731.000543": {"GPUs": 1, "CPUs": 1}, "1673963732.500561": {"GPUs": 1, "CPUs": 1}, "1673963738.50056": {"GPUs": 1, "CPUs": 1}, "1673963741.500551": {"GPUs": 1, "CPUs": 1}, "1673963742.000503": {"GPUs": 1, "CPUs": 1}, "1673963745.000568": {"GPUs": 1, "CPUs": 1}, "1673963752.000566": {"GPUs": 1, "CPUs": 1}, "1673963753.50065": {"GPUs": 1, "CPUs": 1}, "1673963760.00056": {"GPUs": 1, "CPUs": 1}, "1673963762.000546": {"GPUs": 1, "CPUs": 1}, "1673963762.50057": {"GPUs": 1, "CPUs": 3}, "1673963764.000565": {"GPUs": 1, "CPUs": 1}, "1673963765.500527": {"GPUs": 1, "CPUs": 1}, "1673963779.000545": {"GPUs": 1, "CPUs": 1}, "1673963782.500542": {"GPUs": 1, "CPUs": 1}, "1673963791.500547": {"GPUs": 1, "CPUs": 1}, "1673963792.000547": {"GPUs": 1, "CPUs": 1}, "1673963792.500556": {"GPUs": 1, "CPUs": 1}, "1673963797.500563": {"GPUs": 1, "CPUs": 1}, "1673963802.00056": {"GPUs": 1, "CPUs": 1}, "1673963803.000545": {"GPUs": 1, "CPUs": 1}, "1673963803.501176": {"GPUs": 1, "CPUs": 1}, "1673963804.002288": {"GPUs": 1, "CPUs": 1}, "1673963804.502247": {"GPUs": 1, "CPUs": 1}, "1673963805.00057": {"GPUs": 1, "CPUs": 1}, "1673963807.000539": {"GPUs": 1, "CPUs": 1}, "1673963807.500564": {"GPUs": 1, "CPUs": 1}, "1673963808.00051": {"GPUs": 1, "CPUs": 1}, "1673963808.500535": {"GPUs": 1, "CPUs": 1}, "1673963809.500562": {"GPUs": 1, "CPUs": 1}, "1673963810.000537": {"GPUs": 1, "CPUs": 1}, "1673963810.500548": {"GPUs": 1, "CPUs": 1}, "1673963812.000546": {"GPUs": 1, "CPUs": 1}, "1673963813.000567": {"GPUs": 1, "CPUs": 1}, "1673963814.000547": {"GPUs": 1, "CPUs": 1}, "1673963815.000561": {"GPUs": 1, "CPUs": 1}, "1673963816.500585": {"GPUs": 1, "CPUs": 1}, "1673963822.502169": {"GPUs": 1, "CPUs": 1}, "1673963823.000545": {"GPUs": 1, "CPUs": 3}, "1673963823.501187": {"GPUs": 1, "CPUs": 1}, "1673963824.000577": {"GPUs": 1, "CPUs": 2}, "1673963824.505515": {"GPUs": 1, "CPUs": 4}, "1673963827.004006": {"GPUs": 1, "CPUs": 4}, "1673963827.505086": {"GPUs": 1, "CPUs": 4}, "1673963829.000552": {"GPUs": 1, "CPUs": 1}, "1673963882.500561": {"GPUs": 1, "CPUs": 1}, "1673963898.501065": {"GPUs": 1, "CPUs": 1}, "1673963900.00124": {"GPUs": 1, "CPUs": 2}, "1673963902.00115": {"GPUs": 1, "CPUs": 1}, "1673963902.500524": {"GPUs": 1, "CPUs": 1}, "1673963906.50091": {"GPUs": 1, "CPUs": 1}, "1673963909.001212": {"GPUs": 1, "CPUs": 1}, "1673963919.014811": {"GPUs": 1, "CPUs": 1}, "1673963925.50057": {"GPUs": 1, "CPUs": 1}, "1673963929.500531": {"GPUs": 1, "CPUs": 1}, "1673963934.000569": {"GPUs": 1, "CPUs": 1}, "1673963942.500549": {"GPUs": 1, "CPUs": 1}, "1673963943.000553": {"GPUs": 1, "CPUs": 1}, "1673963947.500575": {"GPUs": 1, "CPUs": 1}, "1673963963.500572": {"GPUs": 1, "CPUs": 1}, "1673963968.000568": {"GPUs": 1, "CPUs": 1}, "1673963971.000552": {"GPUs": 1, "CPUs": 1}, "1673963974.001081": {"GPUs": 1, "CPUs": 1}, "1673963984.00056": {"GPUs": 1, "CPUs": 1}, "1673964014.5006": {"GPUs": 1, "CPUs": 1}, "1673964015.001074": {"GPUs": 1, "CPUs": 1}, "1673964017.50976": {"GPUs": 1, "CPUs": 1}, "1673964031.00055": {"GPUs": 1, "CPUs": 1}, "1673964032.000568": {"GPUs": 1, "CPUs": 1}, "1673964034.000575": {"GPUs": 1, "CPUs": 1}, "1673964042.000531": {"GPUs": 1, "CPUs": 1}, "1673964053.000566": {"GPUs": 1, "CPUs": 1}, "1673964061.500571": {"GPUs": 1, "CPUs": 1}, "1673964066.000536": {"GPUs": 1, "CPUs": 1}, "1673964076.000532": {"GPUs": 1, "CPUs": 1}, "1673964081.500615": {"GPUs": 1, "CPUs": 1}, "1673964087.500564": {"GPUs": 1, "CPUs": 1}, "1673964096.001079": {"GPUs": 1, "CPUs": 1}, "1673964096.500565": {"GPUs": 1, "CPUs": 1}, "1673964097.000538": {"GPUs": 1, "CPUs": 1}, "1673964100.500572": {"GPUs": 1, "CPUs": 1}, "1673964101.000575": {"GPUs": 1, "CPUs": 1}, "1673964105.000522": {"GPUs": 1, "CPUs": 1}, "1673964112.500533": {"GPUs": 1, "CPUs": 1}, "1673964117.500681": {"GPUs": 1, "CPUs": 1}, "1673964123.000558": {"GPUs": 1, "CPUs": 1}, "1673964126.000606": {"GPUs": 1, "CPUs": 1}, "1673964128.000551": {"GPUs": 1, "CPUs": 1}, "1673964128.500528": {"GPUs": 1, "CPUs": 1}, "1673964147.500561": {"GPUs": 1, "CPUs": 1}, "1673964167.500558": {"GPUs": 1, "CPUs": 1}, "1673964168.00092": {"GPUs": 1, "CPUs": 1}, "1673964168.500558": {"GPUs": 1, "CPUs": 1}, "1673964174.000638": {"GPUs": 1, "CPUs": 1}, "1673964183.505089": {"GPUs": 1, "CPUs": 1}, "1673964185.500543": {"GPUs": 1, "CPUs": 1}, "1673964194.500588": {"GPUs": 1, "CPUs": 1}, "1673964195.501878": {"GPUs": 1, "CPUs": 1}, "1673964201.500497": {"GPUs": 1, "CPUs": 1}, "1673964223.500625": {"GPUs": 1, "CPUs": 1}, "1673964224.500545": {"GPUs": 1, "CPUs": 1}, "1673964233.000631": {"GPUs": 1, "CPUs": 1}, "1673964239.500531": {"GPUs": 1, "CPUs": 1}, "1673964242.50054": {"GPUs": 1, "CPUs": 1}, "1673964250.500555": {"GPUs": 1, "CPUs": 1}, "1673964263.000542": {"GPUs": 1, "CPUs": 1}, "1673964263.500582": {"GPUs": 1, "CPUs": 1}, "1673964266.501361": {"GPUs": 1, "CPUs": 1}}}, "Datapoints": 1470, "RuleParameters": "threshold:50\ncpu_threshold:90\ngpu_threshold:10\npatience:1000"}