{"RuleTriggered": 0, "Violations": 137, "Details": {"low_gpu_utilization": 708, "bottlenecks": {"1673946984.000303": {"GPUs": 1, "CPUs": 1}, "1673946985.000309": {"GPUs": 1, "CPUs": 3}, "1673946985.500324": {"GPUs": 1, "CPUs": 1}, "1673946986.500267": {"GPUs": 1, "CPUs": 1}, "1673946987.503228": {"GPUs": 1, "CPUs": 1}, "1673946988.003268": {"GPUs": 1, "CPUs": 2}, "1673946988.503268": {"GPUs": 1, "CPUs": 4}, "1673946989.000842": {"GPUs": 1, "CPUs": 3}, "1673946989.500277": {"GPUs": 1, "CPUs": 1}, "1673946990.000772": {"GPUs": 1, "CPUs": 1}, "1673946991.000293": {"GPUs": 1, "CPUs": 1}, "1673946991.500298": {"GPUs": 1, "CPUs": 4}, "1673946992.000298": {"GPUs": 1, "CPUs": 4}, "1673946992.500307": {"GPUs": 1, "CPUs": 4}, "1673946993.000641": {"GPUs": 1, "CPUs": 2}, "1673946993.500305": {"GPUs": 1, "CPUs": 4}, "1673946994.002188": {"GPUs": 1, "CPUs": 2}, "1673946997.000335": {"GPUs": 1, "CPUs": 1}, "1673946997.503446": {"GPUs": 1, "CPUs": 2}, "1673946998.004833": {"GPUs": 1, "CPUs": 4}, "1673946998.500309": {"GPUs": 1, "CPUs": 3}, "1673946999.000422": {"GPUs": 1, "CPUs": 1}, "1673947001.502341": {"GPUs": 1, "CPUs": 1}, "1673947006.002364": {"GPUs": 1, "CPUs": 1}, "1673947013.000307": {"GPUs": 1, "CPUs": 1}, "1673947013.500295": {"GPUs": 1, "CPUs": 1}, "1673947014.000297": {"GPUs": 1, "CPUs": 1}, "1673947017.000298": {"GPUs": 1, "CPUs": 1}, "1673947022.500277": {"GPUs": 1, "CPUs": 1}, "1673947023.00199": {"GPUs": 1, "CPUs": 1}, "1673947045.500282": {"GPUs": 1, "CPUs": 1}, "1673947090.500254": {"GPUs": 1, "CPUs": 1}, "1673947103.500282": {"GPUs": 1, "CPUs": 1}, "1673947104.500284": {"GPUs": 1, "CPUs": 1}, "1673947105.000289": {"GPUs": 1, "CPUs": 1}, "1673947110.000282": {"GPUs": 1, "CPUs": 1}, "1673947114.500285": {"GPUs": 1, "CPUs": 1}, "1673947116.500274": {"GPUs": 1, "CPUs": 1}, "1673947127.000282": {"GPUs": 1, "CPUs": 1}, "1673947138.000277": {"GPUs": 1, "CPUs": 1}, "1673947139.000292": {"GPUs": 1, "CPUs": 1}, "1673947143.000287": {"GPUs": 1, "CPUs": 1}, "1673947163.500287": {"GPUs": 1, "CPUs": 1}, "1673947169.000233": {"GPUs": 1, "CPUs": 1}, "1673947173.500258": {"GPUs": 1, "CPUs": 1}, "1673947176.50027": {"GPUs": 1, "CPUs": 1}, "1673947177.000266": {"GPUs": 1, "CPUs": 1}, "1673947178.000279": {"GPUs": 1, "CPUs": 1}, "1673947178.500283": {"GPUs": 1, "CPUs": 1}, "1673947203.500295": {"GPUs": 1, "CPUs": 1}, "1673947204.500256": {"GPUs": 1, "CPUs": 1}, "1673947221.500263": {"GPUs": 1, "CPUs": 1}, "1673947230.000268": {"GPUs": 1, "CPUs": 1}, "1673947233.000468": {"GPUs": 1, "CPUs": 2}, "1673947233.500278": {"GPUs": 1, "CPUs": 1}, "1673947234.002042": {"GPUs": 1, "CPUs": 1}, "1673947234.5003": {"GPUs": 1, "CPUs": 1}, "1673947235.50028": {"GPUs": 1, "CPUs": 2}, "1673947236.000268": {"GPUs": 1, "CPUs": 1}, "1673947236.500271": {"GPUs": 1, "CPUs": 1}, "1673947238.000274": {"GPUs": 1, "CPUs": 1}, "1673947238.500276": {"GPUs": 1, "CPUs": 1}, "1673947239.000285": {"GPUs": 1, "CPUs": 1}, "1673947239.500265": {"GPUs": 1, "CPUs": 1}, "1673947240.000294": {"GPUs": 1, "CPUs": 1}, "1673947241.000266": {"GPUs": 1, "CPUs": 1}, "1673947241.500266": {"GPUs": 1, "CPUs": 1}, "1673947242.000268": {"GPUs": 1, "CPUs": 1}, "1673947244.0003": {"GPUs": 1, "CPUs": 1}, "1673947244.500302": {"GPUs": 1, "CPUs": 1}, "1673947245.000305": {"GPUs": 1, "CPUs": 1}, "1673947245.500267": {"GPUs": 1, "CPUs": 1}, "1673947246.500292": {"GPUs": 1, "CPUs": 1}, "1673947247.000264": {"GPUs": 1, "CPUs": 1}, "1673947253.501403": {"GPUs": 1, "CPUs": 1}, "1673947256.000297": {"GPUs": 1, "CPUs": 2}, "1673947256.501504": {"GPUs": 1, "CPUs": 2}, "1673947267.000265": {"GPUs": 1, "CPUs": 1}, "1673947287.000252": {"GPUs": 1, "CPUs": 1}, "1673947302.000264": {"GPUs": 1, "CPUs": 1}, "1673947304.000283": {"GPUs": 1, "CPUs": 1}, "1673947314.500288": {"GPUs": 1, "CPUs": 1}, "1673947326.002687": {"GPUs": 1, "CPUs": 1}, "1673947338.500346": {"GPUs": 1, "CPUs": 1}, "1673947355.500271": {"GPUs": 1, "CPUs": 1}, "1673947360.00026": {"GPUs": 1, "CPUs": 1}, "1673947361.000271": {"GPUs": 1, "CPUs": 1}, "1673947363.500263": {"GPUs": 1, "CPUs": 1}, "1673947371.000258": {"GPUs": 1, "CPUs": 1}, "1673947378.000285": {"GPUs": 1, "CPUs": 1}, "1673947378.500301": {"GPUs": 1, "CPUs": 1}, "1673947379.000288": {"GPUs": 1, "CPUs": 1}, "1673947388.500278": {"GPUs": 1, "CPUs": 1}, "1673947390.500251": {"GPUs": 1, "CPUs": 1}, "1673947410.500267": {"GPUs": 1, "CPUs": 1}, "1673947414.500264": {"GPUs": 1, "CPUs": 1}, "1673947416.500293": {"GPUs": 1, "CPUs": 1}, "1673947417.000296": {"GPUs": 1, "CPUs": 1}, "1673947418.500281": {"GPUs": 1, "CPUs": 1}, "1673947426.000265": {"GPUs": 1, "CPUs": 1}, "1673947438.000286": {"GPUs": 1, "CPUs": 1}, "1673947440.000303": {"GPUs": 1, "CPUs": 1}, "1673947441.503243": {"GPUs": 1, "CPUs": 2}, "1673947442.000257": {"GPUs": 1, "CPUs": 3}, "1673947442.500308": {"GPUs": 1, "CPUs": 2}, "1673947443.00229": {"GPUs": 1, "CPUs": 4}, "1673947451.000294": {"GPUs": 1, "CPUs": 1}, "1673947466.000287": {"GPUs": 1, "CPUs": 1}, "1673947481.500279": {"GPUs": 1, "CPUs": 1}, "1673947488.000273": {"GPUs": 1, "CPUs": 1}, "1673947496.500299": {"GPUs": 1, "CPUs": 1}, "1673947508.000271": {"GPUs": 1, "CPUs": 1}, "1673947516.500296": {"GPUs": 1, "CPUs": 1}, "1673947530.500288": {"GPUs": 1, "CPUs": 1}, "1673947548.500266": {"GPUs": 1, "CPUs": 1}, "1673947550.000268": {"GPUs": 1, "CPUs": 1}, "1673947562.503327": {"GPUs": 1, "CPUs": 1}, "1673947571.500274": {"GPUs": 1, "CPUs": 1}, "1673947602.000272": {"GPUs": 1, "CPUs": 1}, "1673947604.500284": {"GPUs": 1, "CPUs": 1}, "1673947605.000269": {"GPUs": 1, "CPUs": 1}, "1673947610.000343": {"GPUs": 1, "CPUs": 1}, "1673947613.002228": {"GPUs": 1, "CPUs": 1}, "1673947613.519261": {"GPUs": 1, "CPUs": 1}, "1673947615.500368": {"GPUs": 1, "CPUs": 1}, "1673947617.500269": {"GPUs": 1, "CPUs": 1}, "1673947618.503231": {"GPUs": 1, "CPUs": 1}, "1673947619.000278": {"GPUs": 1, "CPUs": 1}, "1673947621.500263": {"GPUs": 1, "CPUs": 1}, "1673947637.500294": {"GPUs": 1, "CPUs": 1}, "1673947638.000288": {"GPUs": 1, "CPUs": 1}, "1673947644.000292": {"GPUs": 1, "CPUs": 1}, "1673947665.500285": {"GPUs": 1, "CPUs": 1}, "1673947666.000274": {"GPUs": 1, "CPUs": 1}, "1673947674.500273": {"GPUs": 1, "CPUs": 1}, "1673947675.000288": {"GPUs": 1, "CPUs": 1}, "1673947679.000288": {"GPUs": 1, "CPUs": 1}}}, "Datapoints": 1396, "RuleParameters": "threshold:50\ncpu_threshold:90\ngpu_threshold:10\npatience:1000"}