{"RuleTriggered": 0, "Violations": 133, "Details": {"low_gpu_utilization": 660, "bottlenecks": {"1673958347.50294": {"GPUs": 1, "CPUs": 1}, "1673958348.000271": {"GPUs": 1, "CPUs": 1}, "1673958348.50026": {"GPUs": 1, "CPUs": 2}, "1673958350.00025": {"GPUs": 1, "CPUs": 1}, "1673958350.500296": {"GPUs": 1, "CPUs": 1}, "1673958352.501355": {"GPUs": 1, "CPUs": 1}, "1673958356.000387": {"GPUs": 1, "CPUs": 1}, "1673958363.003244": {"GPUs": 1, "CPUs": 1}, "1673958363.50765": {"GPUs": 1, "CPUs": 4}, "1673958364.000263": {"GPUs": 1, "CPUs": 3}, "1673958366.500248": {"GPUs": 1, "CPUs": 1}, "1673958368.500288": {"GPUs": 1, "CPUs": 1}, "1673958369.002918": {"GPUs": 1, "CPUs": 1}, "1673958371.501124": {"GPUs": 1, "CPUs": 1}, "1673958372.000412": {"GPUs": 1, "CPUs": 1}, "1673958375.000258": {"GPUs": 1, "CPUs": 1}, "1673958380.000273": {"GPUs": 1, "CPUs": 1}, "1673958437.000247": {"GPUs": 1, "CPUs": 1}, "1673958437.500263": {"GPUs": 1, "CPUs": 1}, "1673958438.000236": {"GPUs": 1, "CPUs": 1}, "1673958440.500246": {"GPUs": 1, "CPUs": 1}, "1673958441.500261": {"GPUs": 1, "CPUs": 1}, "1673958442.500237": {"GPUs": 1, "CPUs": 1}, "1673958446.000252": {"GPUs": 1, "CPUs": 1}, "1673958453.000249": {"GPUs": 1, "CPUs": 1}, "1673958455.500221": {"GPUs": 1, "CPUs": 1}, "1673958459.00023": {"GPUs": 1, "CPUs": 1}, "1673958461.500236": {"GPUs": 1, "CPUs": 1}, "1673958469.500236": {"GPUs": 1, "CPUs": 1}, "1673958472.000235": {"GPUs": 1, "CPUs": 1}, "1673958473.000255": {"GPUs": 1, "CPUs": 1}, "1673958474.500248": {"GPUs": 1, "CPUs": 1}, "1673958476.000243": {"GPUs": 1, "CPUs": 1}, "1673958482.00024": {"GPUs": 1, "CPUs": 2}, "1673958490.50026": {"GPUs": 1, "CPUs": 1}, "1673958494.000241": {"GPUs": 1, "CPUs": 2}, "1673958500.000261": {"GPUs": 1, "CPUs": 1}, "1673958505.50022": {"GPUs": 1, "CPUs": 1}, "1673958507.500246": {"GPUs": 1, "CPUs": 1}, "1673958510.500284": {"GPUs": 1, "CPUs": 1}, "1673958512.500259": {"GPUs": 1, "CPUs": 1}, "1673958513.000268": {"GPUs": 1, "CPUs": 1}, "1673958515.000264": {"GPUs": 1, "CPUs": 1}, "1673958516.000241": {"GPUs": 1, "CPUs": 1}, "1673958522.000254": {"GPUs": 1, "CPUs": 1}, "1673958523.500185": {"GPUs": 1, "CPUs": 1}, "1673958538.000258": {"GPUs": 1, "CPUs": 1}, "1673958543.000268": {"GPUs": 1, "CPUs": 1}, "1673958543.500241": {"GPUs": 1, "CPUs": 1}, "1673958546.000244": {"GPUs": 1, "CPUs": 1}, "1673958556.500235": {"GPUs": 1, "CPUs": 1}, "1673958557.500248": {"GPUs": 1, "CPUs": 1}, "1673958559.000256": {"GPUs": 1, "CPUs": 1}, "1673958559.500251": {"GPUs": 1, "CPUs": 1}, "1673958568.500264": {"GPUs": 1, "CPUs": 1}, "1673958571.000239": {"GPUs": 1, "CPUs": 1}, "1673958571.500205": {"GPUs": 1, "CPUs": 1}, "1673958572.000257": {"GPUs": 1, "CPUs": 1}, "1673958572.500267": {"GPUs": 1, "CPUs": 1}, "1673958573.500264": {"GPUs": 1, "CPUs": 2}, "1673958574.000245": {"GPUs": 1, "CPUs": 1}, "1673958574.500244": {"GPUs": 1, "CPUs": 1}, "1673958575.000243": {"GPUs": 1, "CPUs": 1}, "1673958575.500263": {"GPUs": 1, "CPUs": 1}, "1673958576.000242": {"GPUs": 1, "CPUs": 1}, "1673958577.00024": {"GPUs": 1, "CPUs": 2}, "1673958579.500239": {"GPUs": 1, "CPUs": 1}, "1673958580.000257": {"GPUs": 1, "CPUs": 1}, "1673958580.500243": {"GPUs": 1, "CPUs": 1}, "1673958581.000234": {"GPUs": 1, "CPUs": 1}, "1673958581.500237": {"GPUs": 1, "CPUs": 1}, "1673958582.000272": {"GPUs": 1, "CPUs": 1}, "1673958583.000238": {"GPUs": 1, "CPUs": 1}, "1673958583.500253": {"GPUs": 1, "CPUs": 1}, "1673958584.000247": {"GPUs": 1, "CPUs": 1}, "1673958584.500249": {"GPUs": 1, "CPUs": 1}, "1673958595.00075": {"GPUs": 1, "CPUs": 4}, "1673958595.500529": {"GPUs": 1, "CPUs": 3}, "1673958596.500268": {"GPUs": 1, "CPUs": 1}, "1673958622.000269": {"GPUs": 1, "CPUs": 1}, "1673958661.500267": {"GPUs": 1, "CPUs": 1}, "1673958662.500336": {"GPUs": 1, "CPUs": 1}, "1673958665.500198": {"GPUs": 1, "CPUs": 1}, "1673958676.500254": {"GPUs": 1, "CPUs": 1}, "1673958698.50024": {"GPUs": 1, "CPUs": 1}, "1673958711.500239": {"GPUs": 1, "CPUs": 1}, "1673958715.000247": {"GPUs": 1, "CPUs": 1}, "1673958716.00024": {"GPUs": 1, "CPUs": 1}, "1673958730.00021": {"GPUs": 1, "CPUs": 1}, "1673958746.500226": {"GPUs": 1, "CPUs": 1}, "1673958754.000245": {"GPUs": 1, "CPUs": 1}, "1673958760.000263": {"GPUs": 1, "CPUs": 1}, "1673958770.000225": {"GPUs": 1, "CPUs": 1}, "1673958770.502875": {"GPUs": 1, "CPUs": 1}, "1673958773.501528": {"GPUs": 1, "CPUs": 1}, "1673958778.00141": {"GPUs": 1, "CPUs": 1}, "1673958792.500242": {"GPUs": 1, "CPUs": 1}, "1673958803.500208": {"GPUs": 1, "CPUs": 1}, "1673958809.500238": {"GPUs": 1, "CPUs": 1}, "1673958815.500207": {"GPUs": 1, "CPUs": 1}, "1673958831.500231": {"GPUs": 1, "CPUs": 1}, "1673958835.500256": {"GPUs": 1, "CPUs": 1}, "1673958837.50026": {"GPUs": 1, "CPUs": 1}, "1673958839.000236": {"GPUs": 1, "CPUs": 1}, "1673958840.50026": {"GPUs": 1, "CPUs": 1}, "1673958852.500237": {"GPUs": 1, "CPUs": 1}, "1673958860.000264": {"GPUs": 1, "CPUs": 1}, "1673958865.500244": {"GPUs": 1, "CPUs": 1}, "1673958887.000285": {"GPUs": 1, "CPUs": 1}, "1673958888.500246": {"GPUs": 1, "CPUs": 1}, "1673958893.500267": {"GPUs": 1, "CPUs": 1}, "1673958895.000234": {"GPUs": 1, "CPUs": 1}, "1673958900.000236": {"GPUs": 1, "CPUs": 1}, "1673958900.500251": {"GPUs": 1, "CPUs": 1}, "1673958923.000241": {"GPUs": 1, "CPUs": 1}, "1673958932.500277": {"GPUs": 1, "CPUs": 1}, "1673958938.50022": {"GPUs": 1, "CPUs": 1}, "1673958942.500266": {"GPUs": 1, "CPUs": 1}, "1673958945.000267": {"GPUs": 1, "CPUs": 1}, "1673958945.500251": {"GPUs": 1, "CPUs": 1}, "1673958946.500283": {"GPUs": 1, "CPUs": 1}, "1673958948.000256": {"GPUs": 1, "CPUs": 1}, "1673958948.506908": {"GPUs": 1, "CPUs": 1}, "1673958950.000226": {"GPUs": 1, "CPUs": 1}, "1673958950.500224": {"GPUs": 1, "CPUs": 1}, "1673958956.000258": {"GPUs": 1, "CPUs": 1}, "1673958973.50024": {"GPUs": 1, "CPUs": 1}, "1673958975.50023": {"GPUs": 1, "CPUs": 1}, "1673958980.500233": {"GPUs": 1, "CPUs": 1}, "1673958986.000244": {"GPUs": 1, "CPUs": 1}, "1673958994.500251": {"GPUs": 1, "CPUs": 1}, "1673958999.000235": {"GPUs": 1, "CPUs": 1}, "1673959017.000266": {"GPUs": 1, "CPUs": 1}}}, "Datapoints": 1348, "RuleParameters": "threshold:50\ncpu_threshold:90\ngpu_threshold:10\npatience:1000"}