{"RuleTriggered": 0, "Violations": 0, "Details": {"pin_memory": false, "num_workers": 0, "cores": 4, "dataloaders": 1, "dataloading_time": {"p25": 0.225444, "p50": 0.225444, "p95": 0.225444, "probs": [0, 0, 0, 0, 0, 0, 0, 0, 0, 0, 0, 0, 0, 0, 0, 0, 0, 0, 0, 0, 0, 0, 0, 0, 0, 0, 0, 0, 0, 0, 0, 0, 0, 0, 0, 0, 0, 0, 0, 0, 0, 0, 0, 0, 0, 0, 0, 0, 0, 0, 1, 0, 0, 0, 0, 0, 0, 0, 0, 0, 0, 0, 0, 0, 0, 0, 0, 0, 0, 0, 0, 0, 0, 0, 0, 0, 0, 0, 0, 0, 0, 0, 0, 0, 0, 0, 0, 0, 0, 0, 0, 0, 0, 0, 0, 0, 0, 0, 0, 0], "binedges": [-0.274556, -0.264556, -0.254556, -0.24455600000000002, -0.23455600000000001, -0.22455600000000003, -0.21455600000000002, -0.20455600000000002, -0.194556, -0.18455600000000003, -0.17455600000000002, -0.16455600000000004, -0.15455600000000003, -0.14455600000000002, -0.134556, -0.12455600000000003, -0.11455600000000002, -0.10455600000000001, -0.09455600000000003, -0.08455600000000002, -0.07455600000000001, -0.06455600000000003, -0.05455600000000002, -0.04455600000000001, -0.03455600000000003, -0.024556000000000022, -0.014556000000000013, -0.0045560000000000045, 0.005444000000000004, 0.015443999999999958, 0.025443999999999967, 0.035443999999999976, 0.045443999999999984, 0.05544399999999999, 0.065444, 0.07544400000000001, 0.08544399999999996, 0.09544399999999997, 0.10544399999999998, 0.11544399999999999, 0.125444, 0.135444, 0.14544399999999996, 0.15544399999999997, 0.16544399999999998, 0.175444, 0.185444, 0.195444, 0.20544399999999996, 0.21544399999999997, 0.22544399999999998, 0.235444, 0.245444, 0.255444, 0.265444, 0.275444, 0.28544400000000003, 0.29544400000000004, 0.30544399999999994, 0.31544399999999995, 0.32544399999999996, 0.33544399999999996, 0.345444, 0.355444, 0.365444, 0.375444, 0.385444, 0.395444, 0.405444, 0.41544400000000004, 0.42544400000000004, 0.43544399999999994, 0.44544399999999995, 0.45544399999999996, 0.46544399999999997, 0.475444, 0.485444, 0.495444, 0.505444, 0.515444, 0.525444, 0.535444, 0.545444, 0.555444, 0.565444, 0.575444, 0.585444, 0.595444, 0.605444, 0.615444, 0.625444, 0.635444, 0.645444, 0.655444, 0.665444, 0.675444, 0.6854439999999999, 0.695444, 0.705444, 0.715444, 0.725444]}}, "Datapoints": 1, "RuleParameters": "min_threshold:70\nmax_threshold:200"}