{"RuleTriggered": 0, "Violations": 0, "Details": {"pin_memory": false, "num_workers": 0, "cores": 4, "dataloaders": 1, "dataloading_time": {"p25": 0.285373, "p50": 0.285373, "p95": 0.285373, "probs": [0, 0, 0, 0, 0, 0, 0, 0, 0, 0, 0, 0, 0, 0, 0, 0, 0, 0, 0, 0, 0, 0, 0, 0, 0, 0, 0, 0, 0, 0, 0, 0, 0, 0, 0, 0, 0, 0, 0, 0, 0, 0, 0, 0, 0, 0, 0, 0, 0, 0, 1, 0, 0, 0, 0, 0, 0, 0, 0, 0, 0, 0, 0, 0, 0, 0, 0, 0, 0, 0, 0, 0, 0, 0, 0, 0, 0, 0, 0, 0, 0, 0, 0, 0, 0, 0, 0, 0, 0, 0, 0, 0, 0, 0, 0, 0, 0, 0, 0, 0], "binedges": [-0.214627, -0.204627, -0.19462700000000002, -0.184627, -0.174627, -0.16462700000000002, -0.15462700000000001, -0.144627, -0.134627, -0.12462700000000002, -0.114627, -0.10462700000000001, -0.09462700000000002, -0.08462700000000001, -0.074627, -0.06462700000000002, -0.05462700000000001, -0.044627, -0.03462700000000002, -0.02462700000000001, -0.014627000000000001, -0.00462700000000002, 0.005372999999999989, 0.015372999999999998, 0.02537299999999998, 0.03537299999999999, 0.045373, 0.055373000000000006, 0.06537300000000001, 0.07537299999999997, 0.08537299999999998, 0.09537299999999999, 0.105373, 0.115373, 0.125373, 0.13537300000000002, 0.14537299999999997, 0.15537299999999998, 0.165373, 0.175373, 0.185373, 0.19537300000000002, 0.20537299999999997, 0.21537299999999998, 0.225373, 0.235373, 0.245373, 0.255373, 0.26537299999999997, 0.275373, 0.285373, 0.295373, 0.305373, 0.315373, 0.325373, 0.33537300000000003, 0.34537300000000004, 0.35537300000000005, 0.36537299999999995, 0.37537299999999996, 0.38537299999999997, 0.395373, 0.405373, 0.415373, 0.425373, 0.435373, 0.445373, 0.455373, 0.46537300000000004, 0.47537300000000005, 0.48537300000000005, 0.49537299999999995, 0.505373, 0.515373, 0.525373, 0.535373, 0.545373, 0.555373, 0.565373, 0.575373, 0.585373, 0.595373, 0.605373, 0.6153730000000001, 0.625373, 0.635373, 0.645373, 0.655373, 0.665373, 0.675373, 0.685373, 0.695373, 0.705373, 0.715373, 0.725373, 0.735373, 0.745373, 0.755373, 0.765373, 0.775373, 0.785373]}}, "Datapoints": 1, "RuleParameters": "min_threshold:70\nmax_threshold:200"}