{"RuleTriggered": 0, "Violations": 0, "Details": {"pin_memory": false, "num_workers": 0, "cores": 4, "dataloaders": 1, "dataloading_time": {"p25": 0.475535, "p50": 0.475535, "p95": 0.475535, "probs": [0, 0, 0, 0, 0, 0, 0, 0, 0, 0, 0, 0, 0, 0, 0, 0, 0, 0, 0, 0, 0, 0, 0, 0, 0, 0, 0, 0, 0, 0, 0, 0, 0, 0, 0, 0, 0, 0, 0, 0, 0, 0, 0, 0, 0, 0, 0, 0, 0, 0, 1, 0, 0, 0, 0, 0, 0, 0, 0, 0, 0, 0, 0, 0, 0, 0, 0, 0, 0, 0, 0, 0, 0, 0, 0, 0, 0, 0, 0, 0, 0, 0, 0, 0, 0, 0, 0, 0, 0, 0, 0, 0, 0, 0, 0, 0, 0, 0, 0, 0], "binedges": [-0.024465000000000015, -0.014465000000000014, -0.004465000000000014, 0.005534999999999984, 0.015534999999999986, 0.025534999999999988, 0.03553499999999998, 0.04553499999999999, 0.05553499999999999, 0.06553499999999998, 0.07553499999999999, 0.08553499999999999, 0.09553499999999998, 0.10553499999999999, 0.115535, 0.12553499999999998, 0.135535, 0.145535, 0.15553499999999998, 0.165535, 0.175535, 0.18553499999999998, 0.195535, 0.205535, 0.21553499999999998, 0.22553499999999999, 0.235535, 0.245535, 0.255535, 0.26553499999999997, 0.275535, 0.285535, 0.295535, 0.305535, 0.315535, 0.325535, 0.33553499999999997, 0.345535, 0.355535, 0.365535, 0.375535, 0.385535, 0.39553499999999997, 0.405535, 0.415535, 0.425535, 0.435535, 0.445535, 0.45553499999999997, 0.465535, 0.475535, 0.485535, 0.495535, 0.5055350000000001, 0.5155350000000001, 0.5255350000000001, 0.5355350000000001, 0.5455350000000001, 0.5555349999999999, 0.5655349999999999, 0.5755349999999999, 0.5855349999999999, 0.5955349999999999, 0.6055349999999999, 0.6155349999999999, 0.625535, 0.635535, 0.645535, 0.655535, 0.665535, 0.675535, 0.685535, 0.695535, 0.705535, 0.715535, 0.725535, 0.735535, 0.7455350000000001, 0.7555350000000001, 0.7655350000000001, 0.7755350000000001, 0.7855350000000001, 0.7955350000000001, 0.8055350000000001, 0.8155349999999999, 0.8255349999999999, 0.8355349999999999, 0.8455349999999999, 0.8555349999999999, 0.8655349999999999, 0.875535, 0.885535, 0.895535, 0.905535, 0.915535, 0.925535, 0.935535, 0.945535, 0.955535, 0.965535, 0.975535]}}, "Datapoints": 1, "RuleParameters": "min_threshold:70\nmax_threshold:200"}