{"RuleTriggered": 0, "Violations": 48, "Details": {"low_gpu_utilization": 708, "bottlenecks": {"1673946983.501147": {"GPUs": 1, "CPUs": 1}, "1673946984.000303": {"GPUs": 1, "CPUs": 1}, "1673947045.500282": {"GPUs": 1, "CPUs": 1}, "1673947046.500289": {"GPUs": 1, "CPUs": 1}, "1673947047.00028": {"GPUs": 1, "CPUs": 1}, "1673947055.500266": {"GPUs": 1, "CPUs": 1}, "1673947056.500259": {"GPUs": 1, "CPUs": 1}, "1673947060.00029": {"GPUs": 1, "CPUs": 1}, "1673947060.500248": {"GPUs": 1, "CPUs": 1}, "1673947061.500258": {"GPUs": 1, "CPUs": 1}, "1673947062.000285": {"GPUs": 1, "CPUs": 1}, "1673947065.000288": {"GPUs": 1, "CPUs": 1}, "1673947067.500286": {"GPUs": 1, "CPUs": 1}, "1673947069.000262": {"GPUs": 1, "CPUs": 1}, "1673947069.500285": {"GPUs": 1, "CPUs": 1}, "1673947070.000265": {"GPUs": 1, "CPUs": 1}, "1673947071.000286": {"GPUs": 1, "CPUs": 1}, "1673947071.500265": {"GPUs": 1, "CPUs": 1}, "1673947072.500266": {"GPUs": 1, "CPUs": 1}, "1673947083.500263": {"GPUs": 1, "CPUs": 2}, "1673947084.00026": {"GPUs": 1, "CPUs": 1}, "1673947085.00029": {"GPUs": 1, "CPUs": 1}, "1673947085.50026": {"GPUs": 1, "CPUs": 1}, "1673947086.500262": {"GPUs": 1, "CPUs": 1}, "1673947087.000268": {"GPUs": 1, "CPUs": 1}, "1673947087.500268": {"GPUs": 1, "CPUs": 1}, "1673947089.000228": {"GPUs": 1, "CPUs": 1}, "1673947091.500262": {"GPUs": 1, "CPUs": 1}, "1673947133.500263": {"GPUs": 1, "CPUs": 1}, "1673947159.000304": {"GPUs": 1, "CPUs": 1}, "1673947199.000281": {"GPUs": 1, "CPUs": 1}, "1673947204.500256": {"GPUs": 1, "CPUs": 1}, "1673947214.500264": {"GPUs": 1, "CPUs": 1}, "1673947219.00026": {"GPUs": 1, "CPUs": 1}, "1673947219.500264": {"GPUs": 1, "CPUs": 1}, "1673947221.500263": {"GPUs": 1, "CPUs": 1}, "1673947222.000262": {"GPUs": 1, "CPUs": 1}, "1673947222.500274": {"GPUs": 1, "CPUs": 1}, "1673947223.000261": {"GPUs": 1, "CPUs": 1}, "1673947224.000268": {"GPUs": 1, "CPUs": 1}, "1673947225.500275": {"GPUs": 1, "CPUs": 1}, "1673947226.000271": {"GPUs": 1, "CPUs": 1}, "1673947228.500289": {"GPUs": 1, "CPUs": 1}, "1673947230.000268": {"GPUs": 1, "CPUs": 1}, "1673947230.500263": {"GPUs": 1, "CPUs": 1}, "1673947231.000265": {"GPUs": 1, "CPUs": 1}, "1673947232.500256": {"GPUs": 1, "CPUs": 1}, "1673947233.000468": {"GPUs": 1, "CPUs": 1}}}, "Datapoints": 1396, "RuleParameters": "threshold:50\nio_threshold:50\ngpu_threshold:10\npatience:1000"}