{"RuleTriggered": 0, "Violations": 32, "Details": {"low_gpu_utilization": 660, "bottlenecks": {"1673958367.500278": {"GPUs": 1, "CPUs": 1}, "1673958392.000269": {"GPUs": 1, "CPUs": 1}, "1673958405.000249": {"GPUs": 1, "CPUs": 1}, "1673958419.000238": {"GPUs": 1, "CPUs": 1}, "1673958419.500257": {"GPUs": 1, "CPUs": 1}, "1673958490.50026": {"GPUs": 1, "CPUs": 1}, "1673958538.000258": {"GPUs": 1, "CPUs": 2}, "1673958542.00025": {"GPUs": 1, "CPUs": 1}, "1673958552.500256": {"GPUs": 1, "CPUs": 2}, "1673958553.000232": {"GPUs": 1, "CPUs": 1}, "1673958553.500234": {"GPUs": 1, "CPUs": 2}, "1673958554.000226": {"GPUs": 1, "CPUs": 2}, "1673958554.500236": {"GPUs": 1, "CPUs": 1}, "1673958556.000252": {"GPUs": 1, "CPUs": 1}, "1673958556.500235": {"GPUs": 1, "CPUs": 1}, "1673958557.000232": {"GPUs": 1, "CPUs": 1}, "1673958557.500248": {"GPUs": 1, "CPUs": 1}, "1673958558.000249": {"GPUs": 1, "CPUs": 1}, "1673958558.500232": {"GPUs": 1, "CPUs": 1}, "1673958559.000256": {"GPUs": 1, "CPUs": 1}, "1673958559.500251": {"GPUs": 1, "CPUs": 1}, "1673958560.000236": {"GPUs": 1, "CPUs": 1}, "1673958560.500236": {"GPUs": 1, "CPUs": 1}, "1673958561.000233": {"GPUs": 1, "CPUs": 1}, "1673958561.500235": {"GPUs": 1, "CPUs": 1}, "1673958562.000232": {"GPUs": 1, "CPUs": 1}, "1673958562.500234": {"GPUs": 1, "CPUs": 1}, "1673958563.000245": {"GPUs": 1, "CPUs": 1}, "1673958564.000249": {"GPUs": 1, "CPUs": 1}, "1673958566.000241": {"GPUs": 1, "CPUs": 1}, "1673958566.500226": {"GPUs": 1, "CPUs": 1}, "1673958568.500264": {"GPUs": 1, "CPUs": 1}}}, "Datapoints": 1348, "RuleParameters": "threshold:50\nio_threshold:50\ngpu_threshold:10\npatience:1000"}