{"RuleTriggered": 0, "Violations": 53, "Details": {"low_gpu_utilization": 736, "bottlenecks": {"1673963621.000556": {"GPUs": 1, "CPUs": 1}, "1673963631.500637": {"GPUs": 1, "CPUs": 1}, "1673963639.500572": {"GPUs": 1, "CPUs": 1}, "1673963646.000557": {"GPUs": 1, "CPUs": 1}, "1673963646.500555": {"GPUs": 1, "CPUs": 1}, "1673963695.500532": {"GPUs": 1, "CPUs": 2}, "1673963700.000545": {"GPUs": 1, "CPUs": 1}, "1673963704.000551": {"GPUs": 1, "CPUs": 2}, "1673963714.000531": {"GPUs": 1, "CPUs": 1}, "1673963724.000546": {"GPUs": 1, "CPUs": 2}, "1673963724.50054": {"GPUs": 1, "CPUs": 2}, "1673963725.500532": {"GPUs": 1, "CPUs": 2}, "1673963729.500551": {"GPUs": 1, "CPUs": 1}, "1673963730.000543": {"GPUs": 1, "CPUs": 1}, "1673963730.500555": {"GPUs": 1, "CPUs": 1}, "1673963731.000543": {"GPUs": 1, "CPUs": 1}, "1673963731.500571": {"GPUs": 1, "CPUs": 2}, "1673963750.500546": {"GPUs": 1, "CPUs": 1}, "1673963753.50065": {"GPUs": 1, "CPUs": 1}, "1673963757.50056": {"GPUs": 1, "CPUs": 1}, "1673963760.00056": {"GPUs": 1, "CPUs": 1}, "1673963760.501075": {"GPUs": 1, "CPUs": 1}, "1673963764.50057": {"GPUs": 1, "CPUs": 1}, "1673963769.000565": {"GPUs": 1, "CPUs": 1}, "1673963773.00055": {"GPUs": 1, "CPUs": 1}, "1673963782.500542": {"GPUs": 1, "CPUs": 1}, "1673963783.500543": {"GPUs": 1, "CPUs": 1}, "1673963784.000555": {"GPUs": 1, "CPUs": 1}, "1673963784.500574": {"GPUs": 1, "CPUs": 1}, "1673963786.500566": {"GPUs": 1, "CPUs": 1}, "1673963787.000592": {"GPUs": 1, "CPUs": 1}, "1673963789.00055": {"GPUs": 1, "CPUs": 1}, "1673963790.500572": {"GPUs": 1, "CPUs": 1}, "1673963791.000554": {"GPUs": 1, "CPUs": 1}, "1673963791.500547": {"GPUs": 1, "CPUs": 1}, "1673963792.000547": {"GPUs": 1, "CPUs": 1}, "1673963792.500556": {"GPUs": 1, "CPUs": 1}, "1673963793.00054": {"GPUs": 1, "CPUs": 1}, "1673963793.500565": {"GPUs": 1, "CPUs": 1}, "1673963794.000537": {"GPUs": 1, "CPUs": 2}, "1673963794.500555": {"GPUs": 1, "CPUs": 1}, "1673963796.000557": {"GPUs": 1, "CPUs": 1}, "1673963797.000542": {"GPUs": 1, "CPUs": 2}, "1673963797.500563": {"GPUs": 1, "CPUs": 1}, "1673963798.500536": {"GPUs": 1, "CPUs": 1}, "1673963799.00055": {"GPUs": 1, "CPUs": 1}, "1673963799.500552": {"GPUs": 1, "CPUs": 1}, "1673963800.000559": {"GPUs": 1, "CPUs": 1}, "1673963801.000566": {"GPUs": 1, "CPUs": 1}, "1673963812.000546": {"GPUs": 1, "CPUs": 1}, "1673963813.000567": {"GPUs": 1, "CPUs": 1}, "1673963813.500561": {"GPUs": 1, "CPUs": 1}, "1673963814.000547": {"GPUs": 1, "CPUs": 1}}}, "Datapoints": 1470, "RuleParameters": "threshold:50\nio_threshold:50\ngpu_threshold:10\npatience:1000"}