{"RuleTriggered": 0, "Violations": 0, "Details": {"step_num": {"first": 1673963814089256, "last": 1673964297613866}, "job_start": 1673963566.00045, "job_end": 1673964299.500808}, "Datapoints": 1444, "RuleParameters": "threshold:20"}