{"RuleTriggered": 0, "Violations": 0, "Details": {"step_num": {"first": 1673947245859966, "last": 1673947679994854}, "job_start": 1673946982.500235, "job_end": 1673947679.500777}, "Datapoints": 1334, "RuleParameters": "threshold:20"}