{"RuleTriggered": 0, "Violations": 0, "Details": {"ratio": {}, "phase": {"Step:ModeKeys.TRAIN": 16.026674574659477, "others": 80.94341660281229, "Step:ModeKeys.EVAL": 3.029908822528226}, "phase_time": {}, "general": {"DataLoaderIterInitialize": 0.005405300627872197, "DataLoaderIter": 0.5650281524094405, "Forward": 99.42956654696269}}, "Datapoints": 0, "RuleParameters": ""}