{"RuleTriggered": 0, "Violations": 0, "Details": {"ratio": {}, "phase": {"Step:ModeKeys.TRAIN": 13.806926896655494, "others": 83.74192866745773, "Step:ModeKeys.EVAL": 2.4511444358867736}, "phase_time": {}, "general": {"DataLoaderIterInitialize": 0.0052795951143443, "Forward": 99.4160849936274, "DataLoaderIter": 0.5786354112582579}}, "Datapoints": 0, "RuleParameters": ""}