{"RuleTriggered": 0, "Violations": 0, "Details": {"step_details": {"algo-1-47": {"step_stats": {"mean": 0.04327162962962963, "max": 3.67682, "p99": 0.1960150799999991, "p95": 0.018533699999999997, "p50": 0.013511, "min": 0.012006}, "number_of_outliers": 1, "phase": "Step:ModeKeys.EVAL", "stddev": 0.31, "probs": [101, 23, 6, 2, 1, 0, 0, 0, 0, 0, 0, 0, 0, 0, 0, 0, 0, 0, 0, 0, 0, 0, 0, 0, 0, 0, 0, 0, 0, 0, 0, 0, 0, 0, 0, 0, 0, 0, 0, 0, 0, 0, 0, 0, 0, 0, 0, 0, 0, 0, 0, 0, 0, 0, 0, 0, 0, 0, 0, 0, 0, 0, 0, 0, 0, 0, 0, 0, 0, 0, 0, 0, 0, 0, 0, 0, 0, 0, 0, 0, 0, 0, 0, 0, 0, 0, 0, 0, 0, 0, 0, 0, 0, 0, 0, 0, 0, 0, 0, 1], "binedges": [0.012006, 0.01473685, 0.0174677, 0.020198549999999996, 0.022929399999999996, 0.025660249999999996, 0.028391099999999996, 0.031121949999999995, 0.033852799999999995, 0.036583649999999995, 0.039314499999999995, 0.042045349999999995, 0.04477619999999999, 0.047507049999999995, 0.05023789999999999, 0.052968749999999995, 0.05569959999999999, 0.058430449999999995, 0.06116129999999999, 0.06389215, 0.06662299999999999, 0.06935385, 0.07208469999999999, 0.07481555, 0.07754639999999999, 0.08027725, 0.08300809999999999, 0.08573895, 0.08846979999999999, 0.09120065, 0.09393149999999999, 0.09666235, 0.09939319999999999, 0.10212404999999998, 0.10485489999999999, 0.10758574999999998, 0.11031659999999999, 0.11304744999999998, 0.11577829999999999, 0.11850914999999998, 0.12123999999999999, 0.12397084999999998, 0.12670169999999997, 0.12943254999999998, 0.1321634, 0.13489424999999997, 0.13762509999999997, 0.14035594999999998, 0.14308679999999996, 0.14581764999999997, 0.14854849999999997, 0.15127934999999995, 0.15401019999999996, 0.15674104999999997, 0.15947189999999997, 0.16220274999999995, 0.16493359999999996, 0.16766444999999996, 0.17039529999999997, 0.17312614999999995, 0.17585699999999996, 0.17858784999999996, 0.18131869999999997, 0.18404954999999995, 0.18678039999999996, 0.18951124999999996, 0.19224209999999994, 0.19497294999999995, 0.19770379999999996, 0.20043464999999996, 0.20316549999999994, 0.20589634999999995, 0.20862719999999996, 0.21135804999999996, 0.21408889999999994, 0.21681974999999995, 0.21955059999999996, 0.22228144999999996, 0.22501229999999994, 0.22774314999999995, 0.23047399999999996, 0.23320484999999994, 0.23593569999999994, 0.23866654999999995, 0.24139739999999996, 0.24412824999999994, 0.24685909999999994, 0.24958994999999995, 0.25232079999999996, 0.25505164999999996, 0.25778249999999997, 0.26051335, 0.2632442, 0.26597505, 0.2687059, 0.27143674999999995, 0.27416759999999996, 0.27689844999999996, 0.27962929999999997, 0.28236015, 0.285091], "step_numbers": ["0"]}}}, "Datapoints": 1359, "RuleParameters": "threshold:3\nmode:None\nn_outliers:10\nstddev:3"}