{"RuleTriggered": 0, "Violations": 0, "Details": {"step_details": {"algo-1-47": {"step_stats": {"mean": 0.042259216931216925, "max": 4.073564, "p99": 0.2698948400000001, "p95": 0.0238998, "p50": 0.017576, "min": 0.01474}, "number_of_outliers": 1, "phase": "Step:ModeKeys.EVAL", "stddev": 0.3, "probs": [86, 82, 7, 8, 3, 0, 0, 0, 0, 0, 0, 0, 0, 0, 0, 0, 0, 0, 0, 0, 0, 0, 0, 0, 0, 0, 0, 0, 0, 0, 0, 0, 0, 0, 0, 0, 0, 0, 0, 0, 0, 0, 0, 0, 0, 0, 0, 0, 0, 0, 0, 0, 0, 0, 0, 0, 0, 0, 0, 0, 0, 0, 0, 0, 0, 0, 0, 0, 0, 0, 0, 0, 0, 0, 0, 0, 0, 0, 0, 0, 0, 0, 0, 0, 0, 0, 0, 0, 0, 0, 0, 0, 0, 0, 0, 1, 0, 0, 0, 1], "binedges": [0.01474, 0.01740535, 0.0200707, 0.02273605, 0.0254014, 0.02806675, 0.030732100000000002, 0.03339745, 0.036062800000000006, 0.03872815, 0.0413935, 0.044058850000000004, 0.04672420000000001, 0.049389550000000004, 0.0520549, 0.05472025000000001, 0.05738560000000001, 0.060050950000000006, 0.0627163, 0.06538165000000001, 0.06804700000000001, 0.07071235000000001, 0.0733777, 0.07604305000000001, 0.07870840000000001, 0.08137375000000001, 0.0840391, 0.08670445000000002, 0.08936980000000001, 0.09203515000000001, 0.09470050000000002, 0.09736585000000002, 0.10003120000000001, 0.10269655000000001, 0.10536190000000001, 0.10802725000000002, 0.11069260000000002, 0.11335795000000001, 0.11602330000000002, 0.11868865000000002, 0.12135400000000002, 0.12401935000000001, 0.1266847, 0.12935005000000002, 0.1320154, 0.13468075000000002, 0.13734610000000003, 0.14001145, 0.14267680000000002, 0.14534215000000003, 0.14800750000000001, 0.15067285000000002, 0.1533382, 0.15600355000000002, 0.15866890000000003, 0.16133425, 0.16399960000000002, 0.16666495000000003, 0.16933030000000002, 0.17199565000000003, 0.17466100000000004, 0.17732635000000002, 0.17999170000000003, 0.18265705000000002, 0.18532240000000003, 0.18798775000000004, 0.19065310000000002, 0.19331845000000003, 0.1959838, 0.19864915000000002, 0.20131450000000004, 0.20397985000000002, 0.20664520000000003, 0.20931055000000004, 0.21197590000000002, 0.21464125000000003, 0.21730660000000004, 0.21997195000000003, 0.22263730000000004, 0.22530265000000002, 0.22796800000000003, 0.23063335000000004, 0.23329870000000003, 0.23596405000000004, 0.23862940000000002, 0.24129475000000003, 0.24396010000000004, 0.24662545000000002, 0.24929080000000003, 0.25195615000000005, 0.2546215, 0.25728685, 0.2599522, 0.26261755000000003, 0.2652829, 0.26794825, 0.2706136, 0.27327895, 0.27594430000000003, 0.27860965, 0.281275], "step_numbers": ["0"]}}}, "Datapoints": 1444, "RuleParameters": "threshold:3\nmode:None\nn_outliers:10\nstddev:3"}