{"RuleTriggered": 0, "Violations": 0, "Details": {"step_details": {"algo-1-47": {"step_stats": {"mean": 0.07888333088235293, "max": 4.186731, "p99": 2.819870050000022, "p95": 0.021601500000000003, "p50": 0.015065, "min": 0.012066}, "number_of_outliers": 2, "phase": "Step:ModeKeys.EVAL", "stddev": 0.5, "probs": [54, 59, 13, 5, 2, 0, 0, 0, 0, 0, 0, 0, 0, 0, 0, 0, 0, 0, 0, 0, 0, 0, 0, 0, 0, 0, 0, 0, 0, 0, 0, 0, 0, 0, 0, 0, 0, 0, 0, 0, 0, 0, 0, 0, 0, 0, 0, 0, 0, 0, 0, 0, 0, 0, 0, 0, 0, 0, 0, 0, 0, 0, 0, 0, 0, 0, 0, 0, 0, 0, 0, 0, 0, 0, 0, 0, 0, 0, 0, 0, 0, 0, 0, 0, 0, 0, 0, 0, 0, 0, 0, 0, 0, 0, 0, 0, 0, 0, 0, 1], "binedges": [0.012066, 0.01475948, 0.01745296, 0.02014644, 0.02283992, 0.025533399999999998, 0.02822688, 0.03092036, 0.03361384, 0.03630732, 0.0390008, 0.04169428, 0.04438776, 0.047081239999999996, 0.04977472, 0.0524682, 0.05516168, 0.057855159999999996, 0.060548639999999994, 0.06324212, 0.0659356, 0.06862908, 0.07132256000000001, 0.07401604, 0.07670952, 0.079403, 0.08209648, 0.08478996, 0.08748344, 0.09017692, 0.09287039999999999, 0.09556387999999999, 0.09825735999999999, 0.10095083999999999, 0.10364431999999998, 0.10633779999999998, 0.10903127999999998, 0.11172476, 0.11441824, 0.11711172, 0.1198052, 0.12249868, 0.12519216, 0.12788564, 0.13057912, 0.1332726, 0.13596608, 0.13865956, 0.14135303999999999, 0.14404651999999998, 0.14673999999999998, 0.14943347999999998, 0.15212695999999998, 0.15482043999999998, 0.15751391999999997, 0.16020739999999997, 0.16290088, 0.16559436, 0.16828784, 0.17098132, 0.1736748, 0.17636828, 0.17906176, 0.18175523999999998, 0.18444871999999998, 0.18714219999999998, 0.18983567999999998, 0.19252915999999998, 0.19522263999999998, 0.19791611999999997, 0.20060959999999997, 0.20330307999999997, 0.20599655999999997, 0.20869004, 0.21138352, 0.214077, 0.21677048, 0.21946395999999999, 0.22215743999999998, 0.22485091999999998, 0.22754439999999998, 0.23023787999999998, 0.23293135999999998, 0.23562483999999997, 0.23831831999999997, 0.24101179999999997, 0.24370527999999997, 0.24639875999999997, 0.24909224, 0.25178572, 0.2544792, 0.25717268, 0.25986616, 0.26255964, 0.26525312, 0.2679466, 0.27064008, 0.27333356000000003, 0.27602704, 0.27872052, 0.281414], "step_numbers": ["0", "0"]}}}, "Datapoints": 1334, "RuleParameters": "threshold:3\nmode:None\nn_outliers:10\nstddev:3"}